climb_uuid,link
0082dcc2a1e1b5c29bcbc9053e9bc944,https://www.instagram.com/p/Cy99CCKyxGl/
00D374FA508C4B5EBE20F09B7F39CF4A,https://www.instagram.com/reel/CuF89IbJjmc/
00b45ace2f36d8b74a7e6a8fa3e40699,https://www.instagram.com/p/C_KCDx_s69Q/
00b5487a06bcdfce85e3aba066e02e5d,https://www.instagram.com/p/CUIaltfry4K/
0107A86B402548EEAB6DD20FC78604EE,https://www.instagram.com/p/CmF3II4ubLz/
717E53A2235383974437C8BDAD3880A7,https://www.instagram.com/p/CmF3II4ubLz/
010F650E0DD84BF58C0835E7251DB72F,https://www.instagram.com/reel/CvC9qOYPQ8q/
0110E9EB3E6D43D79A79E6A8652E5CB9,https://www.instagram.com/reel/DCZpUmfPg2Z/
0117d9d89af5b6d49c9b829c1d8ca3ad,https://www.instagram.com/p/CVusEANpDyN/
